,0,1,2,3,4,5,6,7,8,9,10,11,12,13,14,15,16,17,18,19,20,21,22,23,24,25,26,27,28,29,30,31,32,33,34,35,36,37,38,39,40,41,42,43,44,45,46,47,48,49,50,51,52,53,54,55,56,57,58,59,60,61,62,63,64,65,66,67,68,69,70,71,72,73,74,75,76,77,78,79,80,81,82,83,84,85,86,87,88,89,90,91,92,93,94,95,96,97,98,99
02CB_01_rest_04_LPI_000.netts,-0.045644429839212575,-0.04567198503370873,-0.04225947552401843,-0.021911358147733484,-0.023484981565508156,-0.027708354031592775,-0.021818963722336382,-0.023468814290104834,-0.013232342465467783,-0.004847599283491655,-0.0039107031224429045,0.0020598519686868544,-0.006811737676199803,-0.0062420601928152575,-0.01677258569618978,-0.02888679286216933,-0.024586245266372653,-0.015448158398457146,-0.0020683359845821148,-0.008000561514637017,-0.019316506946291057,-0.012500305327338035,-0.011943358063037701,0.004935808451802304,0.0074915895485874184,-0.005016617066491813,-0.0026780765031073628,0.0018059346759177197,0.012943748651802256,0.011200906222642137,0.006395881379813617,0.019609233528045777,0.007127471905365224,0.005614639612877559,0.0025256523890687665,0.004216594118454098,0.01706969320907803,0.01851451051860309,0.025830835411014608,0.029066411200273867,0.021141379174408503,0.01955967903984801,0.015221827629371854,0.030683387599573786,0.01870942701426659,0.012405233966152784,0.0118088665468149,0.005355395184842404,0.014578845534125251,0.017600321894341908,0.015278742841738135,0.027440054069626574,0.032267254953804114,0.029383140819149833,0.016525992816214696,0.014366774912708546,0.0216052673265118,0.030763146733762348,0.04621503624032697,0.0292165591134802,0.014379608960349954,0.015693186273286863,0.001803957949047419,0.005327936750622264,0.002621082841760214,0.000644244624924073,0.007031918716954189,0.008965542465324106,0.0029838746701984498,-0.006792175381615806,-0.011805364870560164,-0.004102623401822547,-0.0016778721329709922,-0.006859084112361025,-0.02359366812199426,-0.01251445111356908,-0.0007187130327070967,-0.004652780865832207,-0.0065526880740096605,-0.004930101870803227,-0.00394498973074775,0.0007864211062382775,0.004573742261461122,0.009763944542844238,0.01444163497341222,0.024448294266892878,0.02480814861085323,0.019816794350981826,0.02222617426349016,0.02227300136254684,0.03232860234825374,0.03701286746859345,0.02781294636574294,0.024862823383025034,0.023076463064536257,0.023061372533360935,0.025977426658902347,0.022845000146206162,0.008740566075352674,0.0018716953177596585
04HD_01_rest_04_LPI_000.netts,-0.04599779797943121,-0.03079494484444012,-0.037150520043590596,-0.026348521754088694,-0.023134853592291504,-0.02474852497037283,-0.03233475963589899,-0.030830094376370187,-0.03808371736489746,-0.04250264592976982,-0.05078595924858004,-0.03337142464917442,-0.05511048483514425,-0.05835503113588647,-0.03990013555307592,-0.04925472464378017,-0.06133914103014193,-0.05524076065092243,-0.06729992808660146,-0.07747201071801613,-0.0800988938112458,-0.05258602554013325,-0.06213304124615476,-0.04212764004564157,-0.04171931507711396,-0.06741031222743621,-0.03927228777878583,-0.04174820314702865,-0.04113255984479347,-0.013815986342164688,-0.03016971541430452,-0.009410115330802993,-0.018228564556697913,-0.016046762528185765,-0.031090605042859654,-0.023382398108778013,0.009843183268547051,-0.011754575786787014,0.0020089044132103884,0.02535383490269072,0.004634900917546869,0.030532603275288506,0.029416077274630692,0.0024432467971542415,0.0014214367506927839,-0.0006022558324797478,0.01991574226362458,0.03963846362878021,0.04351918168448099,0.04491151288459949,0.025137382684266796,0.03583691954577095,0.030057349171467296,0.04001163258215812,0.05071687543041947,0.014087740899677348,0.03250670284517898,0.04523480715551931,0.034256647874681856,0.059566097265328466,0.05526706837780315,0.04397999998818447,0.0356858992322473,0.03494118093453602,0.029961493265663774,0.02486101968714516,0.056358169225556254,0.05540345265333679,0.05086808093406603,0.06995567137313152,0.038772828308111906,0.05348611103210199,0.0713461652555718,0.060825399073599185,0.056847837328967254,0.035319193096943646,0.024164428441078578,0.03450997038667869,0.04918002659342535,,,,,,,,,,,,,,,,,,,,,
04SG_01_rest_04_LPI_000.netts,-0.06376328621147731,-0.054111580537490434,-0.04442411225391363,-0.04347223463176797,-0.04003278623305251,-0.04120809172351292,-0.03050224520803224,-0.025830148442597678,-0.020361940851007843,-0.011790967937793884,-0.003790661420939312,-0.011851313907112915,-0.020624014284278736,-0.025488288235778866,-0.019443117266480847,-0.019437957370710635,-0.026548739558883705,-0.041843593564536485,-0.03570428512334878,-0.025309413190186203,-0.006555999624450859,0.0011195947501607684,0.006510112801925816,0.01076145604278822,0.0195831579556347,0.030958789570177836,0.038785058579403064,0.02724252598298449,0.02603778101216625,0.02751187054665849,0.042884586265169,0.044599580637881386,0.04182938912828116,0.03766657888276148,0.025518111664902587,0.023688875419657363,0.028697048699338645,0.02504533828196731,0.03304628726072534,0.03179932390669771,0.028411649775524905,0.024763266397233474,0.025276569953872063,0.03510425901273706,0.03612375930581457,0.03184682803957162,0.024893321300719418,0.010651712734252805,0.008092117839696433,0.00484194511460867,0.02501279181863536,0.03961413517004242,0.03307353872940555,0.03830379226149838,0.03197335785157296,0.03858826453779607,0.03915742715526438,0.03587520091858254,0.03996369303642533,0.018308793235777943,0.016008498289159068,0.004487801209937303,-0.007948176900314463,-0.009188386685366035,-0.024124831782415312,-0.026049004211508686,-0.036876235008253766,-0.055626632907213924,-0.05348530594397105,-0.07789035085134233,-0.07785918034418882,-0.06790934903730472,-0.061218472685968583,-0.06480938441155037,-0.08377890715088365,-0.08222754193345361,-0.07025902963644182,-0.06537067785738726,-0.05505262648064824,-0.07804523289858833,-0.07810522005722353,-0.08074821581804181,-0.07489576911677864,-0.06959398933137251,-0.0782300251439283,-0.08132506781595172,-0.092240342140394,-0.10388390913780166,-0.0985767250966062,-0.11268421535693585,-0.10004240027254474,-0.10799816546078578,-0.10378644560707384,-0.09918357174021786,-0.10261256679173236,-0.08485820738807082,-0.06781538185025615,-0.07367478621408441,-0.06314289781263183,-0.07913770696902789
08BC_01_rest_04_LPI_000.netts,-0.058136162279661674,-0.055500020539795525,-0.04245892640683935,-0.02913875474889438,-0.02712143771190756,-0.03366902591908083,-0.029661129137830256,-0.02599448290381423,-0.02587517569975395,-0.019630289523335342,-0.016149075189940354,-0.004563398036259714,-0.0011840029000523833,-0.003179253071698751,-0.0009167231587478009,0.001328208352189053,6.503032889193516e-05,-0.0012723834299990244,-0.004896164021935379,-0.004021080545520639,-0.006314438763590169,0.0033757096398483455,0.0025949408447870637,-0.0007682105260623517,0.00041742158236790505,0.0013087044176515183,0.0032970704015887753,0.0024762789126102636,-0.007363645868017632,-0.009090886989517877,-0.011409938912917417,-0.002509202602476668,0.00941511689799468,0.021382225800288257,0.022328245610599984,0.020704937601128015,0.016595283535351002,0.018724174415226336,0.031157226907698732,0.03960493125452191,0.035374936317294825,0.02644899356859176,0.01696849822104074,0.0074695365292525295,0.004925742476650563,0.014055854523924105,0.008081619087307645,0.002790786213447638,-0.004065168480159476,-0.011633416694480925,0.003016656322654576,0.014052540294588245,0.013669493949857503,0.007758393561049126,-0.0017644780340050348,-0.0032193322283537995,-0.005627265159478867,-0.002861708089008985,-0.008589816108315995,-0.017575692098415918,-0.014326497195774945,-0.02191671846770582,-0.025343811600855637,-0.015792136625943365,-0.0241581427588633,-0.022145357766877427,-0.021652566986548494,-0.02377179095497184,-0.016660989042045937,-0.008160618047942658,0.011300936794843452,0.01569897971988532,0.01735494584086905,0.015538231796845992,0.01872870089951295,0.035662295222939844,0.02754897173704618,0.0328606217441797,0.041452151339223975,0.026945158688281956,0.03509382019504648,0.04072889025943005,0.04013765990686802,0.032700061763749955,0.029775890670922234,0.03301412708301388,0.03254104187242546,0.04701619442678029,0.05537252550477001,0.05434307125717486,0.05910896707776869,0.051969602621767086,0.06024249390091474,0.05945767815175507,0.04322240750030881,0.04849498973732469,0.05264459222147411,0.04311415277364361,0.049214246019059216,0.05994293049946264
08VR_01_rest_04_LPI_000.netts,-0.012884487068985262,-0.015070423581334369,-0.021778447472807883,-0.02501368652023417,-0.025637817766683835,-0.018482978895821844,-0.01473215389016902,-0.011472324153625646,-0.007148590143693068,-0.0033456123980527552,-0.008266412095702336,-0.008267204175521625,-0.00892588101113756,-0.0012324130420440227,0.004298519214166574,0.004692062162179211,0.005921951754655708,0.004595294494109781,-0.0010951919454288417,0.0010608160000015188,-0.0022435003219309912,-0.001868372881738356,-0.008820759796968947,-0.009242601070666767,-0.011525702194163379,-0.007763029397683363,0.0003941402153416762,0.008607863003121774,0.017133533914214683,0.009919876086826984,-0.005171920867785618,0.00024610521577306255,0.004768216996434926,0.0023254185951296913,-0.0001389259706242596,-0.006156892138285741,-0.014858348751697115,-0.012346681212217048,0.003693271124060038,0.023172016510500937,0.019303357755848127,0.020628526159311766,0.016783826323302442,0.0021816878741370838,0.010616331127363043,0.0113320631668975,0.023670576607601745,0.028618369923290476,0.018174769238804456,0.023170658481352135,0.012838942290528843,0.007913144531591532,0.008455524625010646,-0.002726385975307166,0.001635369718841484,0.0018685956837529716,0.012934964475560418,0.009488403009881297,0.0013939303644651124,0.009309993514641013,0.008689023842027521,0.008558858410434356,0.0018422327421868667,-0.005650633533499816,-0.0008847497999101561,-0.013141365043162878,-0.02094346009489889,-0.02100666973519072,-0.0223946122063724,,,,,,,,,,,,,,,,,,,,,,,,,,,,,,,
10JR_01_rest_04_LPI_000.netts,0.0038898970576952685,0.00800270822855964,0.011703097806652463,0.015697992798665683,0.02618814132027969,0.046772018594878784,0.0497902184230512,0.05506556890268999,0.05999223603353221,0.06423970040009674,0.05942390474363912,0.05461796706133937,0.05294966186948136,0.04875864572940414,0.03114742164734219,0.033384477809911495,0.029855959424399447,0.044317446123007476,0.04716146143208366,0.042260431321190284,0.032751290579984715,0.02608704619633795,0.022844524106527708,0.024175268168559305,0.009758455590119897,0.011089904068623757,0.014967844290235899,0.02948761703973901,0.019891094037326473,0.008903641476460833,0.011274521179115427,0.005975502072238514,-0.011212130996463676,-0.00446219175083018,-0.007838617998630615,-0.004019835402066407,-0.0025566460814862024,0.009002843570258046,0.00659790416858963,0.010400404145049058,0.022630827205432413,0.021474819909490406,0.021043315511738547,0.03353548235472936,0.024796167061225227,0.029886983704884296,0.021594441115913132,0.022884580087324413,0.018391084520298806,0.012192306329533387,0.010765654230148303,0.0041332386334242965,-0.0026384051591795687,-0.011552117041531473,-0.015719910351353228,-0.0049799968126231775,-0.019802873208452088,-0.024860153565607557,-0.011296269445530416,-0.022203857164705965,-0.03435838174442135,-0.03765690268906463,-0.05092147415131765,-0.04864251943770759,-0.050419569461043645,-0.057997524138967915,-0.06978056322262344,-0.06474692814598465,-0.06691722421605273,-0.06919253456815427,-0.06192167666027226,-0.06563290020487716,-0.054221914440801044,-0.047911641295459106,-0.061626006372109965,-0.05807853861695472,-0.05859823847929496,-0.05259803137960961,-0.03927207527240845,-0.02188785212002642,-0.017558231358439258,-0.025129595654290293,-0.013542389472873118,,,,,,,,,,,,,,,,,
13CA_01_rest_04_LPI_000.netts,-0.014931450880269148,-0.0129487486022693,-0.010082346836301881,-0.005417427477316272,-0.006494135553406333,0.007472427028498874,0.019077994369385787,0.008304580645005333,0.01617809629930428,0.014938164970280277,0.03106634517821233,0.033667758509061174,0.040900314516820246,0.030224801636363152,0.016223371682337062,0.01570360647656238,0.009243825577940179,0.0017966878188029889,0.006209687229267569,-0.007890657416650626,-0.01629563251246846,-0.021259907371645903,-0.014558060496939806,0.0013246604530509631,0.001285566935447069,-0.007976921710976304,-0.006943370129557147,0.0020946913505243137,-0.005851232310092491,-0.023111931739242197,-0.014905931780373582,-0.016548641707382405,-0.024208661643700835,-0.016748779491202237,-0.017084480456172724,-0.02334153050920057,-0.020410416364201767,-0.013785525074083926,-0.015207331346877795,-0.015425399476449164,-0.01998513407853786,-0.0256387752087322,-0.013864641540025868,-0.006442669970085746,-0.0028876912185103465,-0.0061455420748735,-0.022273124998305083,-0.0013547046854788247,0.012323959268171591,-0.008617635164592519,-0.04176375233411583,-0.05003720999723521,-0.03283611864977626,-0.027872396396001975,-0.02970262942552554,-0.0207178522700725,-0.03343940454502309,-0.021418999876375577,-0.020554192229877755,-0.012841103403530452,0.007756155069461201,0.0069403846624602195,0.0022806932882920017,0.010607038751027364,0.009125285766397095,0.03777462754645394,0.03806872556270441,0.04067758369105706,0.025436226164259612,0.02541382853357338,0.03253620347606928,0.015884615118600454,0.025889799700171634,0.04979562134401011,0.02694794732384881,0.03208660568673055,0.03412620196652244,0.04043801535678654,,,,,,,,,,,,,,,,,,,,,,
16RA_01_rest_04_LPI_000.netts,-0.02689088999282785,-0.04789984353262322,-0.061392857220841535,-0.05373024900253831,-0.03895632278377814,-0.015365530219692669,0.0018840547689299436,-0.0060988201091246586,-0.014856649430742719,-0.024560794067349456,-0.025268416061513088,-0.020221831063806373,-0.027873439175039372,-0.0220458498732089,-0.018109923284023832,-0.011429243860819893,0.0013068000787540557,0.008190629231876079,0.01272953757504991,0.002101692220135898,-0.003575759917330501,-0.006517424133183014,-0.022555263731245834,-0.013177549308711178,0.006565103570494335,0.025920504148937207,0.03369390811972495,0.0339588397108358,0.04439768841414293,0.04260514663247594,0.04346134675251068,0.05614995320432192,0.04733827135757074,0.049018600895696096,0.04796291733291291,0.05054754738291245,0.04644401706350587,0.03848109307737435,0.0429473627749376,0.053929382781448654,0.06210499715840301,0.0605732004793873,0.03498747727944285,0.016319170090179247,0.013041908276552827,0.015731578212414554,0.01684200241939815,0.0044715391288695505,-0.002974867075069776,-0.0031748045882856735,-0.017896264810311258,-0.03251441342843797,-0.052293617392599745,-0.0561050782972512,-0.05659949875351744,-0.0520246684484823,-0.03933552167145271,-0.040214815226640055,-0.02778908186113238,-0.01794051951408826,-0.03016588244074636,-0.03660809477029425,-0.04910996791331246,-0.03953612378011184,-0.030027690157652942,-0.03935122930711599,-0.04908684788447781,-0.06311506625361751,-0.06821452375579085,-0.06732933275189856,-0.08266983894587987,-0.07919287272607844,-0.07961852818442372,-0.07457340179292782,-0.06835575365560098,-0.08763120192820095,-0.0886553807899082,-0.08432351443123909,-0.0739998627312547,-0.051056021293034104,-0.05398377341552363,-0.05839605720211649,-0.0790904270912205,-0.08340511967116837,-0.08190488157437792,-0.0950871002422824,-0.08177455984700399,-0.0625505625274777,-0.05330395982827485,-0.04913525015561704,-0.05988782532322845,-0.053021275187281725,-0.029963518348044893,-0.0233438738621915,-0.03390152666147561,-0.060387358083815235,-0.06414042626560323,-0.054663426805100945,-0.035535537131556216,-0.02687763712570812
17EK_01_rest_04_LPI_000.netts,-0.04880438139539045,-0.02915552751118633,-0.03081517839946646,-0.038710862398716794,-0.04581976129965959,-0.04830684257710138,-0.03341390411779055,-0.04011141762780035,-0.04949265891133958,-0.05395917946563533,-0.05536661596182191,-0.04717556070710727,-0.052012527351703586,-0.04458430092916066,-0.0436005241839047,-0.05010028544993694,-0.054193663497342226,-0.0751924831825389,-0.06792124019291612,-0.06765486037924251,-0.0734966656961572,-0.07157432001984976,-0.06988977144630126,-0.06374838691696139,-0.05707527682166247,-0.05035794968007845,-0.047128767175896424,-0.057989666471777834,-0.05105925010081358,-0.03690105971269986,-0.03389932928992956,-0.03911594194827028,-0.04970539370612714,-0.054425040209386544,-0.04816161383190143,-0.05152112818586785,-0.046224893987510285,-0.04492442371407224,-0.04538789685780087,-0.043623606625555866,-0.05449559050586672,-0.06445011397363987,-0.05750223189768089,-0.052220396468721564,-0.05040143839698408,-0.060042583087120294,-0.07545815335177453,-0.06840047052490106,-0.054491441144436825,-0.049967748228055275,-0.038920330148633386,-0.041522228638704584,-0.043034871094426275,-0.04827249939218281,-0.04129206728529933,-0.041336220330843054,-0.054828217061463125,-0.0395276264729878,-0.02261167981598111,-0.0205508561897616,-0.02277244916581478,-0.031588405628143024,-0.016112518304392753,-0.0008622794829946656,0.006510875726777554,0.00988775969767186,0.018634772128845567,0.02186497673447807,0.015504894453307938,0.009165308869417577,0.015070322735712849,0.013230169735530817,0.025864224523687862,0.022649061332491338,0.01062031690675469,0.005611501662504237,0.0011736138761156978,0.012360014773721395,0.02812408359365748,0.03370952279483519,0.029658098255374687,0.023651271409074637,0.03974349335012317,0.05687854296816752,0.0706602701846416,0.06828391687997026,0.06552513585010822,0.07522946098875583,0.0851630230461371,0.07431764857316148,0.08308258208687513,0.09368706242098956,0.09410609302856365,0.09879126528710303,0.08904024225168661,0.084088413655805,0.09260075447116456,0.09823678429523675,0.11161769319376857,0.10970181436595294
17NA_01_rest_04_LPI_000.netts,0.010196870484381892,0.00797330432911414,0.009033495707173711,-0.014889188748500204,-0.025320683204170136,-0.01149535274718505,-0.010599177074574584,-0.02117421461524971,-0.018609533192546546,-0.03084080806898759,-0.032312389055908386,-0.03453145508897215,-0.03596738415509937,-0.035630748413688185,-0.022288630595935555,-0.0009595661098299457,0.009779283323092414,0.009432684128600433,0.021464769100915992,0.023217217320481542,0.04468902295790689,0.04016509863830797,0.04965596284433571,0.052152232135538545,0.0432419764463966,0.03826139770267489,0.044371377830445535,0.046940236437213234,0.04823846035770718,0.04322572235280442,0.05866367626276181,0.03855744960590346,0.032297819545799245,0.025415356073630324,0.018060906325686354,9.467932875306673e-05,-0.005558794525601596,-0.011728180144007117,-0.01014515172860686,-0.02685227682075153,-0.02275012278894839,-0.014090346559777811,-0.006431019337746924,-0.004069371407324995,0.002819648014511178,-0.006774481695426937,-0.005617770000360678,0.008609439441647715,0.02385010972192192,0.01101437087211743,0.013887923010379999,0.01206123463083808,0.01583103727764057,0.01298243162503876,0.013153949772633178,0.009058682150148822,0.005847133301430385,0.00030033391654804564,0.008166526774208926,0.006182224929344726,-0.0031896386361277562,-0.007020445835433264,0.0004436101043414631,-0.004232910401682166,-0.01517173071236011,-0.02609955543643705,-0.02909631290555792,-0.032920240991539784,-0.026381556720640464,-0.03436416521506047,-0.032491903092164987,-0.024279147357023856,-0.02217447584908716,-0.022299203832382264,-0.03237650637129674,-0.04071726647237839,-0.037620625827147536,-0.032488122775409134,-0.027777200271445368,,,,,,,,,,,,,,,,,,,,,
19SA_01_rest_04_LPI_000.netts,-0.11014402543185475,-0.10551574793943341,-0.08017670420945289,-0.0882253735053875,-0.09250018337861354,-0.08952497211741972,-0.07478083308148065,-0.04985520786157316,-0.04661605044611983,-0.052611096914537914,-0.060648176460848746,-0.06395086711052389,-0.04502197961063803,-0.047199586296882146,-0.0417476005587154,-0.0342091400155653,-0.03189087526127454,-0.02250642826047644,-0.030377731896043647,-0.025234559373290222,0.001005436989990116,0.008131439250495864,0.020664945985582994,0.005510994905575828,0.014201601653653584,0.0221019409355806,0.025295667566539337,0.04000908026959882,0.03822701075389545,0.03959166154679139,0.047529423173177654,0.051946877760576604,0.06613957885284472,0.06446571125092249,0.07181478266737318,0.0688077452375756,0.07321725381327893,0.08347362235000044,0.08517395276966355,0.08076165562700954,0.07630836758183623,0.07488571626569929,0.08135415667309243,0.08078550846563193,0.0806578587967357,0.07478944848780289,0.07153403385413681,0.07430550093543153,0.08214739124774617,0.09053867787777004,0.08448822735661299,0.07234483006842685,0.058784506816922044,0.052152015513655114,0.06942564983117672,0.08517135053646274,0.08258132442752941,0.05921015643551797,0.04890438717654244,0.04688664123540398,0.05251171288757506,0.04784880132549163,0.037223598147052006,0.03548149427865721,0.04124971478413253,0.04232635222094194,0.042796467714109276,0.035854569517550505,0.03324699672436515,0.03586493557046877,0.04531322665423476,0.05483957177186172,0.0561214239596497,0.054253629575940376,0.053251838111967764,0.040032709993463644,0.03576760856702654,0.03349165706230506,0.04406108430809785,0.045313091719446086,0.028142850534315977,0.02025495202451788,0.015341762997500563,0.027534675211172366,0.04075748548783331,0.033941533673894964,0.026963285150578442,0.004205182079489944,0.003787131827066137,0.020819435378925277,0.02609620100640142,0.02750725358096795,0.02972150866615475,0.020559265912037383,0.017123435254892794,0.014232275516250503,0.0216831871782317,0.009204696289151992,0.001267034552831281,-0.0007807529196294238
22CY_01_rest_04_LPI_000.netts,-0.045737816480458715,-0.03823883476355794,-0.029833989276859874,-0.03033961636310012,-0.029255959427834766,-0.027509264942195077,-0.031486462346400956,-0.0361483099634341,-0.033975370561859064,-0.033033457164615476,-0.041673923600352936,-0.03345806262513873,-0.01743905951100777,-0.011936617668066196,-0.011654725885750561,-0.004092573135954902,-0.012685533705462104,-0.01504087275328736,-0.018711674901313424,-0.015200197593521536,-0.01486103147756368,-0.017000018889602897,-0.01568736877926935,-0.0168022325358701,-0.019911983792910815,-0.03542483368245464,-0.03817334082608359,-0.02075073533370242,-0.03496767539226675,-0.03514438174823775,-0.03791300609244053,-0.03434491116031091,-0.02531824529155391,-0.010899561407058944,0.005427630507146564,-0.005071641721029252,-0.0061520124235932006,-0.00715546208959561,-0.018624689859111143,-0.019261208119162654,-0.03043312413781052,-0.02970529521970755,-0.03734568387612991,-0.04499224570513194,-0.0394442873819959,-0.04627830900989249,-0.0546666066175413,-0.05361190780369518,-0.05264877505978294,-0.05141603069515199,-0.06215374941728724,-0.06789194722476288,-0.06862472196824376,-0.06740048833559042,-0.06767266004769845,-0.07437968038514753,-0.07552605901132581,-0.06797252379066154,-0.0612945044317621,-0.055860324195760924,-0.05487409572443991,-0.06122518952170142,-0.056527768336798734,-0.045334667368960524,-0.04853051382425844,-0.04513444882766293,-0.04310484327961539,-0.04144627247449739,-0.02671489779502434,-0.01935941667347607,-0.03268059002605184,-0.05043350099835742,-0.05099009781326558,-0.03751283697987795,-0.021753976089724514,-0.022264426228485013,-0.027192856789788,-0.02625228700382065,-0.0246927762740633,-0.03154091720753194,-0.03662205220703141,-0.03298802617838392,-0.03456067545868735,-0.028374585287581078,-0.03145762845818034,-0.035088345100538154,-0.02672641524791919,-0.018952540676115293,-0.0123525445457483,-0.0045155841226439675,-0.0012767154757322707,-0.023624658151013334,-0.022848069286839467,-0.004400562138389907,0.006018044716803117,0.010234635115713542,0.006456514374824862,0.015257706606779609,0.023955064557187322,0.022386462410660446
22TK_01_rest_04_LPI_000.netts,-0.04513743590106595,-0.026257312160828494,-0.028126685462597112,-0.010019701676040715,-0.004856769609243972,-0.011989192345621125,-0.012318860930454534,-0.01887159059179666,-0.0008693356082987158,-0.0012414965780466192,-0.0074873393774129715,-0.014470228895556936,-0.018705127261045118,0.006177857978341583,0.00830870571366027,0.011560995043668032,0.016845238582667066,0.012887504021135254,0.014649240408030284,0.009043726710378341,0.006226275861872188,0.02904745949102938,0.034314229818433906,0.03968111871354518,0.04124659470026959,0.02960233127941947,0.025105182401715997,0.03304977296817313,0.04140795236557249,0.03783477619424669,0.021502313444637045,0.020055650408536962,0.00675954331247397,0.005169639776647861,0.0027409796098439854,-5.4046655254103015e-05,0.002542938387698701,0.004023538501331858,0.0001032147447792564,0.00031857496039444655,0.00685674605085107,0.008727379198015806,0.016141729089671042,0.010571770605780517,-0.0004064362025006929,-0.0042396576135030895,-0.014620532540404962,-0.021609110648461827,-0.004855556810980821,0.003944466767488164,0.007737443358685425,0.007783915212698611,0.005455063630163126,-0.01184657692548452,-0.01472629973041184,-0.009454795279886019,-0.006214577244664232,0.011763939600397233,0.0049990665829873215,-0.01985329446065931,-0.013084265717110188,-0.008217598009643612,-7.110495334605726e-05,-0.0014292147065767535,-0.013541629699917124,-0.02855898850851929,-0.031841551941052704,-0.03323155560744073,-0.03477963145032731,-0.024380088332886296,-0.021041873350656326,-0.025777412707538028,,,,,,,,,,,,,,,,,,,,,,,,,,,,
25JK_01_rest_04_LPI_000.netts,-0.01961090292460499,-0.026290293269478182,-0.03388566418299532,-0.03638178716301288,-0.02933950659659934,-0.008958606124227053,-0.011595486621527096,-0.01164879632291782,-0.014358737904062502,-0.011864127504350952,-0.003995711220115439,-0.0013892223273970217,0.006061288643780527,0.013497473880361599,0.023035642587888483,0.03125937994579342,0.026629220417868082,0.0259624648463348,0.013258970921621094,0.006352237565217411,0.00543143553394565,-0.011847079094780444,-0.014446753613066132,-0.013243119915738677,0.0006656972658988236,0.016121477061429745,0.006221705995804516,0.007251091017416389,0.016269915622376896,0.027688446579395287,0.0356063037023755,0.02696203787335083,0.03370710208850458,0.045039617815045396,0.049348734025740804,0.0501573566629302,0.043385546797266805,0.0379313088691724,0.03488896715390577,0.04112843948329592,0.04110978900404194,0.024362892337989273,0.019994997728795316,0.024099474326680692,0.02862845345049614,0.023727778445798542,0.024556264269497086,0.030123273844282372,0.04619951027486624,0.057985422794115005,0.05601321565024653,0.04397647184542586,0.05003306549034214,0.056643085133254,0.0605772291359703,0.0511762508324507,0.03891054018550244,0.04493119648168775,0.05254951169842226,0.05480320051000753,0.05804492454260035,0.05786529248100181,0.06067581736648253,0.06486417851522541,0.0688066155216921,0.06367442797197786,0.059499947927634134,0.06366675876003125,0.057531652264756095,0.054716101595870925,0.05448061476771371,0.04544227787262278,0.04166598960526613,0.03467379713021934,0.029305012074465453,0.03209528215867641,0.0377595490762509,0.053080419338800144,0.060873697166269,0.07608807601696932,0.07090932907547365,0.06878944611080173,0.07464381452107793,0.06877678513538033,0.07095548705065535,0.07652896248184171,0.07428206473331989,0.06904206130153268,0.06784832354839332,0.07249719924605325,0.06975727351937377,0.07351508135446361,0.06954104562090979,0.06331386689819496,0.053059279870917964,0.04765896096187139,0.045272106111729826,0.05542071857186592,0.056112204880342964,0.05610000543661309
27HF_01_rest_04_LPI_000.netts,0.048896588315302414,0.05687536263972526,0.06498880488365066,0.06810909880412752,0.07494055871929406,0.07142724650556109,0.05056802021873641,0.04084175084512098,0.05413134169204048,0.06784487244774828,0.06979759324966694,0.06399343353391573,0.04686039449940482,0.0397996245528599,0.037886195823314095,0.03400712416555374,0.02299721819783307,0.0005594840505435128,-0.012804748869673532,-0.022471077995920186,-0.00849300079612092,-0.0024124640971706635,0.0029088043100771177,0.021800855306064792,0.002607945166531178,-0.005649101984440685,-0.003222846270055535,-0.01125361745439113,-0.008298752287042022,-0.0041419352332130455,-0.007987271010361563,-0.006813281476342192,-0.0015579413018850241,0.006134160424123847,0.003332113859649044,-0.0015393618948412735,-0.0052459246487496225,-0.0032222459268242964,-0.0016807707377843872,0.00722016122517366,0.010944034625736787,0.014376790738855338,0.017959730738425606,0.01867528809202157,0.031519166519490716,0.02637585576122703,0.027422348067027924,0.023489066442670792,0.011334476055940845,0.00013538513619681947,0.0031787922327337625,0.008188874608612728,0.005028976647043715,0.0035716751163014093,-0.0057432564264109365,-0.0034200205567298525,0.00650193927863274,0.01268998405848365,0.01814851789087446,0.00690664856593548,-0.009971182273453283,-0.01551865437536637,-0.005852008457998492,0.004272986232763065,0.0037628398915264816,-0.0018197667023062136,-0.015589267791182637,-0.02094388825750204,-0.007924141998347678,-0.012732904314413873,-0.0243188995171969,-0.020001082154118444,-0.019979375605917893,-0.023621760679561454,-0.020121719160658635,-0.018728013270769228,-0.019315827408389663,-0.03030317870899113,-0.03762831309139281,-0.03894456641868438,-0.04484003183661445,-0.04120558861661905,-0.04039351788271217,-0.04180714095830995,-0.045506606386457205,-0.04938085313637275,-0.04972063727642817,-0.05372293705749065,-0.05650030208398882,-0.059556711178481825,-0.0601517506310667,-0.0734869093403433,-0.07151007765426676,-0.06595689694316154,,,,,,
30AQ_01_rest_04_LPI_000.netts,-0.011351325584036398,-0.018985737391008506,-0.014607345270038818,-0.014337911351710142,-0.022706449473952173,-0.00659461949962048,0.0026960395990596187,0.004109925077712462,0.013712451822382676,0.001864197113945254,-0.0015767200921055213,-0.00530704849473651,-0.0019113507432554355,-0.014689751162687337,-0.02238896409204405,-0.014228607097534374,-0.02092755577597949,-0.018237631012209987,0.00010218944185325096,-0.0003981299814128647,0.013432758224351193,0.01329671802626442,0.010396886542657802,0.0050713337572367845,0.003756264339054738,0.008166219743705017,0.021236324563233988,0.01950604520552479,0.0064118833500147465,-0.005894521052246304,0.008216756439814565,-0.001673833505666411,-0.002257594185485101,-0.002983204363701142,-0.011169752423846213,-0.004465888248069483,0.010811015272981783,0.009980184927530389,0.006633387134409641,0.0028264849064654207,0.02072910771403147,0.019673084660577045,0.028573474030517465,0.02144674909365174,0.01060726673576895,0.004691151263559679,-0.0043488744905070265,-0.0023919797459477365,0.0064420658194269675,0.005753976331109079,0.01068453270738945,0.002607328841529144,-0.001965297966496693,-0.014709912829268368,-0.015354637181530295,-0.012326056076849556,6.696031570774252e-06,-0.004213689983693647,-0.00634702237819329,-0.015091087263496505,,,,,,,,,,,,,,,,,,,,,,,,,,,,,,,,,,,,,,,,
